"ID","COD_GRUPO","NOTA","CULTURA","LIVROS","TRABALHO"
"1",2402,36.4,4,"B","A"
"2",2402,66.3,6,"E","A"
"3",2402,27.3,5,"C","A"
"4",2402,54.6,4,"E","A"
"5",2402,34.8,3,"C","A"
"6",2402,44.2,1,"C","E"
"7",2402,34.1,5,"D","A"
"8",2402,38.9,5,"E","D"
"9",2402,47.6,4,"B","A"
"10",2402,41.4,4,"C","A"
"11",2402,58.3,6,"E","C"
"12",2402,41.1,4,"C","A"
"13",2402,42.5,5,"B","A"
"14",2402,61.2,4,"C","A"
"15",2402,35,5,"C","A"
"16",2402,52.9,6,"E","A"
"17",2402,24.2,5,"B","A"
"18",2402,40.3,6,"C","A"
"19",2402,39.8,8,"D","A"
"20",2402,47.3,5,"B","A"
"21",2402,59.9,6,"E","A"
"22",2402,41,4,"B","E"
"23",2402,53.2,5,"C","C"
"24",2402,65.1,5,"C","E"
"25",2402,38.7,5,"D","A"
"26",2402,30.7,4,"A","A"
"27",2402,58,6,"E","A"
"28",2402,54.5,4,"B","A"
"29",2402,33.8,6,"D","E"
"30",2402,62.7,4,"D","A"
"31",2402,44.6,6,"C","A"
"32",2402,42.7,6,"E","A"
"33",2402,45.6,5,"B","A"
"34",2402,37.5,6,"B","E"
"35",2402,55.7,6,"D","A"
"36",2402,48.4,7,"A","D"
"37",2402,31.5,5,"C","B"
"38",2402,31.1,1,"C","B"
"39",2402,70.7,1,"B","E"
"40",2402,32.1,5,"E","B"
"41",2402,55.9,4,"B","E"
"42",2402,41.9,6,"C","A"
"43",2402,36.1,4,"C","A"
"44",2402,40.3,3,"C","C"
"45",2402,34.9,5,"E","A"
"46",2402,31.8,6,"B","C"
"47",2402,46.3,2,"B","E"
"48",2402,27.3,2,"A","C"
"49",2402,64.1,4,"E","E"
"50",2402,54.3,4,"C","A"
"51",2402,35.2,5,"D","A"
"52",2402,48.2,3,"B","E"
"53",2402,42.5,5,"E","B"
"54",2402,38.7,6,"D","C"
"55",2402,43.8,6,"B","A"
"56",2402,38,5,"C","A"
"57",2402,53.6,6,"B","E"
"58",2402,61.1,5,"C","E"
"59",2402,40,3,"E","D"
"60",2402,52.3,4,"B","A"
"61",2402,32.2,3,"C","C"
"62",2402,38.8,5,"C","A"
"63",2402,37.9,4,"C","E"
"64",2402,53.8,6,"C","E"
"65",2402,37.4,5,"C","B"
"66",2402,36.6,5,"C","A"
"67",2402,24.9,5,"C","E"
"68",2402,50.4,1,"B","E"
"69",2402,21.9,3,"C","A"
"70",2402,37.9,3,"D","D"
"71",2402,36.2,5,"B","A"
"72",2402,42.1,5,"C","E"
"73",2402,36.2,5,"E","E"
"74",3002,54.9,5,"C","E"
"75",3002,36.6,6,"B","A"
"76",3002,46.5,6,"C","E"
"77",3002,45.7,5,"A","E"
"78",3002,27.8,4,"E","A"
"79",3002,47.1,3,"B","C"
"80",3002,51,5,"B","C"
"81",3002,51.2,6,"C","B"
"82",3002,26.2,3,"E","A"
"83",3002,48.3,4,"B","D"
"84",3002,61.4,5,"C","D"
"85",3002,30.9,5,"D","A"
"86",3002,27.2,7,"C","B"
"87",3002,57.9,2,"C","C"
"88",3002,37.6,7,"E","E"
"89",3002,32.4,6,"B","E"
"90",3002,44,6,"C","A"
"91",3002,34.1,4,"E","B"
"92",3002,38.7,6,"D","A"
"93",3002,36.8,5,"C","A"
"94",3002,47.3,5,"C","B"
"95",3002,43.4,6,"C","D"
"96",3002,36.8,4,"D","B"
"97",3002,59.7,5,"D","C"
"98",3002,71.5,6,"B","E"
"99",3002,51.7,6,"C","A"
"100",3002,50.3,2,"B","C"
"101",3002,65.1,1,"E","A"
"102",3002,58.6,4,"C","A"
"103",3002,37.8,5,"C","A"
"104",3002,39.4,4,"C","A"
"105",3002,61.1,6,"C","A"
"106",3002,66.3,4,"C","A"
"107",3002,51.4,4,"E","E"
"108",3002,66.5,4,"C","A"
"109",3002,61.5,6,"B","E"
"110",3002,48,3,"B","A"
"111",3002,50.7,6,"C","A"
"112",3002,35.7,6,"C","B"
"113",3002,35.3,3,"C","C"
"114",3002,26.4,5,"E","A"
"115",3002,20.8,6,"E","A"
"116",3002,52.2,5,"E","D"
"117",2001,56,6,"D","A"
"118",2001,52,4,"D","A"
"119",2001,53,3,"C","C"
"120",2001,53,5,"C","D"
"121",2001,58.7,5,"C","A"
"122",2001,65,5,"B","E"
"123",2001,32.5,5,"D","A"
"124",2001,49.5,8,"C","A"
"125",2001,65.8,3,"A","A"
"126",2001,38.7,5,"C","A"
"127",2001,44.8,6,"D","D"
"128",2001,67,5,"D","C"
"129",2001,54.9,3,"C","B"
"130",2001,65.2,6,"D","A"
"131",2001,42.6,5,"D","A"
"132",2001,56.2,4,"D","A"
"133",2001,58.5,6,"B","A"
"134",2001,46.2,6,"C","C"
"135",2001,58.5,5,"B","A"
"136",2001,36.2,6,"B","E"
"137",2001,50.2,5,"B","E"
"138",2001,74.5,6,"C","E"
"139",2001,47,6,"C","A"
"140",2001,48.3,4,"C","E"
"141",2001,69.6,5,"D","E"
"142",2001,59.9,4,"C","A"
"143",2001,58.4,5,"C","E"
"144",2001,46.8,4,"C","A"
"145",2001,29.3,6,"B","A"
"146",2001,46,3,"C","C"
"147",2001,35.6,5,"D","E"
"148",2001,66.8,6,"D","A"
"149",2001,66,4,"E","A"
"150",2001,51.4,3,"C","A"
"151",2001,65,6,"C","A"
"152",2001,65.7,3,"D","E"
"153",2001,58.5,6,"A","E"
"154",2001,48.3,6,"C","A"
"155",2001,45,5,"B","E"
"156",2001,44.9,2,"C","A"
"157",2001,45.3,5,"C","A"
"158",2001,43.9,6,"C","A"
"159",2001,30.6,5,"C","C"
"160",2001,62.6,6,"D","A"
"161",2001,46.3,6,"D","A"
"162",2001,52.1,5,"B","D"
"163",2001,46.5,4,"B","E"
"164",2001,59.8,6,"C","A"
"165",2001,49.5,7,"B","A"
"166",2001,23.4,5,"C","E"
"167",2001,54,2,"B","A"
"168",2001,29.5,4,"B","A"
"169",2001,59.7,4,"B","A"
"170",2001,48.2,5,"B","E"
"171",2001,54.8,4,"C","A"
"172",2001,29.5,3,"C","E"
"173",2001,50.2,6,"C","C"
"174",2001,57.5,4,"C","A"
"175",2001,70,4,"D","C"
"176",2001,48.9,3,"C","E"
"177",2001,65.7,3,"E","D"
"178",2001,35.2,5,"C","B"
"179",2001,44.3,5,"A","B"
"180",2001,69.6,6,"C","C"
"181",2001,39.9,2,"D","A"
"182",2001,33.4,5,"B","E"
"183",2001,40,6,"C","A"
"184",2001,45.6,3,"E","C"
"185",2001,30.4,5,"C","A"
"186",2001,40.9,6,"C","A"
"187",2001,49.6,2,"C","D"
"188",2001,46.7,6,"B","A"
"189",2001,32.6,3,"C","D"
"190",2001,22.6,4,"B","E"
"191",2001,48.9,5,"C","A"
"192",2001,62.6,5,"E","A"
"193",2001,53.3,4,"C","A"
"194",2001,39.8,4,"B","A"
"195",2001,34,6,"D","E"
"196",2001,53,5,"C","A"
"197",2001,47.3,6,"B","C"
"198",2001,58.4,4,"B","A"
"199",2001,59.2,5,"B","D"
"200",2001,37,6,"B","A"
"201",2001,61,6,"C","A"
"202",2001,41.9,5,"D","A"
"203",2001,58.6,4,"C","A"
"204",2001,40.3,6,"B","E"
"205",5402,39.6,6,"B","E"
"206",5402,58.9,2,"C","A"
"207",5402,38.2,NA,NA,NA
"208",5402,55.2,3,"D","B"
"209",5402,55,4,"E","C"
"210",5402,71.3,4,"E","B"
"211",5402,57.7,6,"E","A"
"212",5402,73.4,6,"B","A"
"213",5402,59.6,8,"C","A"
"214",5402,52.4,4,"E","B"
"215",5402,70,1,"C","A"
"216",5402,57.5,2,"B","A"
"217",5402,46.8,4,"B","A"
"218",5402,44.5,4,"C","A"
"219",5402,65.7,3,"C","D"
"220",5402,65,6,"C","A"
"221",5402,57.8,4,"E","A"
"222",5402,52.4,2,"C","A"
"223",5402,51.6,6,"D","A"
"224",5806,60.7,1,"E","A"
"225",5806,63.5,7,"E","B"
"226",5806,45.5,2,"E","A"
"227",5806,46,4,"B","A"
"228",5806,44.3,7,"C","A"
"229",5806,21.4,2,"B","A"
"230",5806,59.2,7,"B","A"
"231",5806,38,3,"C","A"
"232",5806,39.4,4,"D","A"
"233",5806,37.4,3,"E","A"
"234",5806,67,3,"B","A"
"235",5806,49.3,4,"D","C"
"236",5806,36.8,5,"C","A"
"237",5806,49.5,1,"B","A"
"238",5806,46.1,4,"A","A"
"239",5806,40.8,2,"B","A"
"240",5806,59.6,2,"A","A"
"241",5806,42.9,4,"D","A"
"242",5806,40,4,"B","A"
"243",5806,57.2,6,"B","A"
"244",5806,40.2,4,"A","A"
"245",5806,43.6,1,"B","A"
"246",5806,46.3,5,"A","A"
"247",5806,57.2,2,"A","A"
"248",5806,55.2,1,"B","A"
"249",5806,61.8,2,"B","A"
"250",5806,59.5,8,"D","D"
"251",5806,41.9,1,"C","A"
"252",5806,33.1,7,"A","A"
"253",5806,37.3,1,"C","A"
"254",5806,47.3,6,"C","A"
"255",5806,34.3,8,"B","A"
"256",5806,42.9,1,"B","A"
"257",5806,28.8,4,"B","A"
"258",5806,53.4,4,"E","A"
"259",5806,41.8,1,"E","A"
"260",5806,58.4,1,"B","A"
"261",5806,38.6,1,"B","A"
"262",5806,37.8,8,"B","A"
"263",5806,71.4,1,"B","D"
"264",5806,26.9,1,"A","A"
"265",5806,68.8,3,"B","A"
"266",5806,48.3,1,"E","A"
"267",5806,56.6,7,"A","A"
"268",5806,25.3,3,"A","A"
"269",5806,53.2,5,"E","A"
"270",5806,56.1,1,"B","D"
"271",5806,42,8,"A","A"
"272",5806,52.4,3,"A","D"
"273",5806,68.1,1,"A","A"
"274",5806,44.3,3,"B","A"
"275",5806,69.9,3,"E","A"
"276",5806,34.1,2,"D","A"
"277",5806,36.5,1,"C","A"
"278",5806,38.5,1,"D","A"
"279",5806,44.9,5,"C","D"
"280",5806,42.9,3,"A","A"
"281",5806,42,4,"C","A"
"282",5806,44.1,1,"C","A"
"283",5806,30.6,4,"D","A"
"284",5806,65.7,3,"A","A"
"285",5806,59.7,1,"C","A"
"286",5806,52.5,2,"C","A"
"287",5806,39.8,5,"B","A"
"288",5806,34.3,2,"E","C"
"289",5806,41.9,4,"B","A"
"290",5806,51.1,3,"A","A"
"291",5806,53.1,7,"A","A"
"292",5806,24.9,8,"B","A"
"293",5806,47.7,4,"C","A"
"294",5806,43.9,6,"B","A"
"295",5806,43.9,1,"B","C"
"296",5806,45.8,2,"D","A"
"297",5806,23.3,2,"B","A"
"298",5806,26.9,6,"A","B"
"299",5806,42.7,8,"B","A"
"300",5806,57.7,1,"B","A"
"301",5806,30.4,1,"B","A"
"302",5806,51,2,"E","A"
"303",5806,53.5,4,"A","A"
"304",5806,44.2,1,"B","A"
"305",5806,24.6,8,"B","A"
"306",5806,42.1,8,"A","A"
"307",5806,27.6,2,"C","A"
"308",5806,70,1,"B","A"
"309",5806,40.8,3,"B","D"
"310",5806,53.3,4,"C","A"
"311",5806,30.4,1,"B","A"
"312",5806,25.2,4,"B","A"
"313",5806,63.6,2,"B","A"
"314",5806,50.8,1,"B","C"
"315",5806,28,6,"E","B"
"316",5806,61.3,5,"E","D"
"317",5806,48.2,5,"B","A"
"318",5806,69.4,3,"C","A"
"319",5806,57.1,7,"C","A"
"320",5806,42.5,7,"C","A"
"321",5806,37.3,NA,NA,NA
"322",5806,64.2,3,"B","A"
"323",5806,38.8,1,"C","A"
"324",5806,63.9,4,"C","A"
"325",5806,50,1,"A","A"
"326",5806,25.1,8,"A","A"
"327",5806,57.3,3,"C","A"
"328",5806,37.5,3,"A","C"
"329",5806,61.5,5,"A","C"
"330",5806,42.2,1,"B","A"
"331",5806,57.4,7,"A","A"
"332",5806,45.9,1,"A","A"
"333",5806,60.9,7,"B","A"
"334",5806,49.1,3,"A","A"
"335",5806,49.9,3,"D","A"
"336",5806,28.4,8,"C","A"
"337",5806,17.6,1,"A","A"
"338",5806,39.2,4,"A","A"
"339",5806,55.6,1,"A","B"
"340",5806,33.3,3,"C","A"
"341",5806,48.8,4,"B","A"
"342",5806,38.8,1,"B","A"
"343",5806,27.7,2,"B","A"
"344",5806,48.4,2,"E","A"
"345",5806,61.5,1,"C","A"
"346",5806,36.5,2,"A","A"
"347",5806,21.9,5,"B","A"
"348",5806,33.4,7,"D","A"
"349",5806,37.5,3,"E","A"
"350",5806,50.3,4,"A","A"
"351",5806,32.8,7,"B","A"
"352",5806,39,1,"A","A"
"353",5806,47.9,2,"B","D"
"354",5806,30.3,7,"A","A"
"355",5806,57.2,1,"C","A"
"356",5806,54.9,3,"A","A"
"357",5806,69,1,"A","A"
"358",5806,36.6,8,"B","A"
"359",5806,30,5,"D","A"
"360",5806,56.5,7,"A","A"
"361",5806,42.3,NA,NA,NA
"362",5806,48,2,"C","A"
"363",5806,44.2,3,"B","A"
"364",5806,58.2,2,"C","A"
"365",5806,26.2,3,"B","B"
"366",5806,56.4,2,"A","A"
"367",5806,39.9,4,"C","C"
"368",5806,45.6,3,"D","A"
"369",5806,51.2,1,"B","A"
"370",5806,46,3,"B","A"
"371",5806,57.2,7,"B","A"
"372",5806,47.4,2,"B","B"
"373",5806,37.4,3,"C","A"
"374",5806,52.4,3,"A","A"
"375",5806,52.6,1,"B","A"
"376",5806,60.7,8,"A","A"
"377",5806,41.6,7,"C","A"
"378",5806,35.9,1,"B","A"
"379",5806,54.1,3,"C","A"
"380",5806,61.4,5,"D","A"
"381",5806,48,2,"A","A"
"382",5806,53.3,5,"C","A"
"383",5806,58.5,3,"E","A"
"384",5806,71.4,4,"A","A"
"385",5806,48.9,1,"E","C"
"386",5806,41.8,6,"C","A"
"387",5806,39.8,1,"A","A"
"388",5806,45.9,3,"E","A"
"389",5710,66.1,4,"B","A"
"390",5710,65.9,3,"A","A"
"391",5710,59.3,3,"C","A"
"392",5710,77.5,4,"B","C"
"393",5710,40.2,1,"A","A"
"394",5710,67.9,1,"B","D"
"395",5710,74.9,6,"A","A"
"396",5710,58.1,5,"C","C"
"397",5710,45,3,"B","A"
"398",5710,58.9,2,"B","A"
"399",5710,65.5,5,"B","A"
"400",5710,24.2,3,"B","A"
"401",5710,52.3,3,"B","A"
"402",5710,54.4,7,"B","A"
"403",5710,58.9,4,"B","B"
"404",5710,77.2,3,"B","A"
"405",5710,41.8,1,"A","A"
"406",5710,40.7,2,"A","A"
"407",5710,75.7,2,"B","A"
"408",5710,52.3,3,"B","A"
"409",5710,74.7,3,"B","A"
"410",5710,49.2,5,"A","A"
"411",5710,52.9,1,"A","A"
"412",5710,48.7,8,"B","A"
"413",5710,55.1,7,"A","B"
"414",5710,51.4,2,"B","A"
"415",5710,70.5,3,"A","A"
"416",5710,66.2,4,"A","A"
"417",5710,62.2,3,"A","A"
"418",5710,54.6,2,"B","A"
"419",5710,41.4,1,"A","A"
"420",5710,69.6,4,"B","A"
"421",5710,56.7,6,"D","A"
"422",5710,50,8,"B","C"
"423",5710,70.1,1,"A","A"
"424",5710,39.1,4,"E","A"
"425",5710,60.8,4,"C","A"
"426",5710,67.8,4,"B","A"
"427",5710,54.3,7,"A","A"
"428",5710,65,5,"B","B"
"429",5710,66.8,4,"B","A"
"430",5710,46.3,1,"D","A"
"431",5710,45.1,1,"C","A"
"432",5710,73.6,7,"C","A"
"433",5710,73.4,4,"C","B"
"434",5710,26.9,4,"B","A"
"435",5710,69.9,4,"A","A"
"436",5710,55.9,2,"B","A"
"437",5710,42.1,7,"B","A"
"438",5710,46.1,5,"A","A"
"439",5710,48.7,3,"B","A"
"440",5710,69.8,4,"C","B"
"441",5710,54.2,7,"C","A"
"442",5710,65.1,3,"B","A"
"443",5710,51.5,4,"A","A"
"444",5710,49.2,4,"B","A"
"445",5710,45.5,4,"C","A"
"446",5710,53.9,1,"B","A"
"447",5710,70.3,1,"B","A"
"448",5710,53.5,4,"A","A"
"449",5710,59.7,1,"E","C"
"450",5710,44.9,3,"A","A"
"451",5710,56.4,7,"B","A"
"452",5710,71.1,1,"A","A"
"453",5710,50.9,3,"D","A"
"454",5710,58.1,1,"B","A"
"455",5710,59.5,3,"C","A"
"456",5710,62.1,4,"B","A"
"457",5710,70.8,3,"C","A"
"458",5710,70.8,6,"E","A"
"459",5710,72.4,7,"B","A"
"460",5710,66.3,2,"C","A"
"461",5710,77.4,5,"C","A"
"462",5710,56.7,3,"D","A"
"463",5710,61.3,6,"B","A"
"464",5710,69,3,"B","A"
"465",5710,73.6,5,"B","A"
"466",5710,58.9,6,"A","A"
"467",5710,45.7,2,"B","A"
"468",5710,52.4,4,"C","A"
"469",5710,50.6,3,"D","A"
"470",5710,51.6,7,"B","C"
"471",5710,57.7,4,"B","A"
"472",5710,60.5,4,"B","A"
"473",5710,45.4,2,"B","A"
"474",5710,63.7,7,"D","A"
"475",5710,52.1,6,"B","A"
"476",5710,49.7,3,"C","A"
"477",6008,28.9,6,"B","D"
"478",6008,51.6,3,"C","A"
"479",6008,41.3,3,"C","A"
"480",6008,45.2,6,"B","E"
"481",6008,59.9,1,"B","A"
"482",6008,55.4,3,"B","A"
"483",6008,34.8,6,"B","A"
"484",6008,46.8,1,"E","A"
"485",6008,33.8,5,"B","A"
"486",6008,42,4,"C","A"
"487",6008,47.9,2,"A","A"
"488",6008,47.2,5,"A","E"
"489",6008,56.6,4,"B","A"
"490",6008,32,1,"B","B"
"491",6008,55.2,4,"C","A"
"492",6008,45.8,4,"A","A"
"493",6008,31.1,3,"B","A"
"494",6008,44.3,4,"B","A"
"495",6008,57.6,4,"E","A"
"496",6008,55,2,"B","A"
"497",6008,52.1,4,"B","A"
"498",6008,40.2,5,"B","A"
"499",6008,58.5,2,"B","A"
"500",6008,54.2,2,"C","A"
"501",6008,31.4,4,"B","A"
"502",6008,36.9,4,"C","A"
"503",6008,64.6,3,"E","A"
"504",6008,30.7,2,"B","A"
"505",6008,39,8,"B","A"
"506",6008,31.9,6,"A","A"
"507",6008,49.4,3,"C","A"
"508",6008,43.9,6,"A","A"
"509",6008,38.9,1,"D","A"
"510",6008,35,1,"A","E"
"511",6008,43.2,1,"E","A"
"512",6008,30.6,3,"C","A"
"513",6008,51.3,3,"B","E"
"514",6008,49,6,"C","B"
"515",6008,32.8,7,"B","A"
"516",6008,44.6,1,"B","A"
"517",6008,39.4,2,"B","C"
"518",6008,31.8,2,"E","A"
"519",6008,43.8,6,"C","A"
"520",6008,46.9,2,"C","A"
"521",6008,48.7,1,"B","A"
"522",6008,54.8,4,"D","A"
"523",6008,53.1,2,"D","A"
"524",6008,56,6,"B","A"
"525",6008,35.5,6,"A","A"
"526",6008,46,3,"B","A"
"527",6008,27.9,4,"C","A"
"528",6008,34.8,1,"B","A"
"529",6008,49,4,"A","A"
"530",6008,49.1,5,"A","A"
"531",6008,59,7,"B","A"
"532",6008,38.9,4,"D","A"
"533",6008,29,7,"A","A"
"534",6008,47.4,3,"C","A"
"535",6008,31.7,3,"B","A"
"536",6008,37.1,1,"B","A"
"537",6008,33.5,2,"B","A"
"538",6008,43.9,2,"B","A"
"539",6008,60.6,3,"B","A"
"540",6008,36,1,"B","C"
"541",6008,49,3,"A","A"
"542",6008,38.1,5,"E","A"
"543",6008,59.1,6,"A","A"
"544",6008,44,8,"B","A"
"545",5902,44.5,2,"D","A"
"546",5902,46.9,2,"B","A"
"547",5902,48.8,1,"A","A"
"548",5902,40.1,1,"B","A"
"549",5902,42.1,2,"B","A"
"550",5902,50.4,1,"B","A"
"551",5902,64.5,2,"B","E"
"552",5902,57.3,7,"C","A"
"553",5902,32.6,1,"A","A"
"554",5902,56.6,4,"E","A"
"555",5902,60.6,1,"B","A"
"556",5902,64.2,1,"D","A"
"557",5902,59.2,1,"B","B"
"558",5902,34.9,1,"D","A"
"559",5902,43.8,1,"B","A"
"560",5902,39,8,"A","B"
"561",5902,74.7,1,"D","D"
"562",5902,41.4,6,"B","E"
"563",5902,46.9,2,"A","C"
"564",5902,56.4,6,"B","A"
"565",5902,37.8,7,"C","A"
"566",5902,50.5,5,"C","A"
"567",5902,67.6,2,"B","A"
"568",5902,59.1,4,"D","C"
"569",5902,36.3,1,"B","A"
"570",5902,53.9,2,"B","A"
"571",5902,45.9,4,"A","A"
"572",5902,69.1,1,"A","A"
"573",5902,62.8,6,"A","A"
"574",5902,36.5,5,"A","A"
"575",5902,59.9,2,"C","A"
"576",5902,41.9,1,"D","A"
"577",5902,41.4,1,"B","A"
"578",5902,61.7,1,"B","B"
"579",5902,34.9,2,"E","D"
"580",5902,62.3,1,"B","A"
"581",5902,45.9,1,"A","A"
"582",5902,43.8,4,"E","B"
"583",5902,67.7,7,"B","B"
"584",5902,68.1,2,"B","A"
"585",5902,53.6,8,"C","A"
"586",5902,51.1,6,"C","A"
"587",5902,78.1,2,"C","A"
"588",5902,34.7,4,"B","B"
"589",5902,67,1,"C","A"
"590",5902,43.9,3,"D","A"
"591",5902,49.1,3,"B","A"
"592",5902,42.8,2,"A","A"
"593",5902,71.2,1,"D","A"
"594",5902,18.8,1,"C","A"
"595",5902,48.5,5,"B","A"
"596",5902,31.7,3,"B","C"
"597",5902,48.7,8,"C","A"
"598",5902,60.1,2,"C","B"
"599",5902,49.5,3,"B","A"
"600",5902,23.1,2,"B","A"
"601",5902,63.7,1,"C","A"
"602",6306,44.4,5,"A","A"
"603",6306,63.2,4,"E","D"
"604",6306,58.7,6,"D","B"
"605",6306,48.9,8,"C","A"
"606",6306,36.9,6,"B","A"
"607",6306,60.2,1,"A","A"
"608",6306,49.4,5,"B","A"
"609",6306,69.1,4,"C","A"
"610",6306,62.2,3,"C","A"
"611",6306,41.5,3,"B","A"
"612",6306,36.4,4,"A","A"
"613",6306,40.7,6,"B","A"
"614",6306,43.2,6,"B","A"
"615",6306,41.3,5,"E","A"
"616",6306,57.3,7,"A","A"
"617",6306,46,6,"C","A"
"618",6306,41.6,3,"C","A"
"619",6306,42.1,3,"B","A"
"620",6306,38.8,2,"B","A"
"621",6306,43.9,1,"A","A"
"622",6306,30.7,4,"E","A"
"623",6306,38.3,2,"C","A"
"624",6306,52,1,"B","A"
"625",6306,39.8,3,"B","A"
"626",6306,56.9,3,"B","A"
"627",6306,52,6,"C","A"
"628",6306,30.4,3,"C","A"
"629",6306,51.8,2,"B","A"
"630",6306,36.8,5,"B","A"
"631",6306,36.5,3,"A","A"
"632",6306,45.9,4,"B","A"
"633",6306,46.8,4,"B","A"
"634",6306,34.1,4,"E","A"
"635",6306,40.7,4,"B","A"
"636",6306,45.2,3,"B","A"
"637",6306,49.2,2,"B","B"
"638",6306,43.8,3,"B","A"
"639",6306,42,4,"B","A"
"640",6306,36.4,2,"B","A"
"641",6306,31.1,7,"E","A"
"642",6306,45.5,1,"E","A"
"643",6306,35.2,8,"B","A"
"644",6306,46.6,6,"B","A"
"645",6306,46.9,7,"C","A"
"646",6306,44.1,1,"C","A"
"647",6306,41.4,1,"E","A"
"648",6306,32.7,1,"E","A"
"649",6306,34.8,6,"C","A"
"650",6306,48.4,7,"C","A"
"651",6306,54.4,3,"C","A"
"652",6306,36.5,4,"B","A"
"653",6306,38.3,8,"C","A"
"654",6306,44.7,1,"C","A"
"655",6306,47.5,2,"C","A"
"656",4004,57.4,2,"A","A"
"657",4004,35.7,2,"B","D"
"658",4004,29.5,3,"A","C"
"659",4004,44,1,"E","A"
"660",4004,61.4,3,"C","C"
"661",4004,59.9,4,"E","A"
"662",4004,55,1,"C","A"
"663",4004,47.9,1,"A","D"
"664",4004,36.3,1,"C","A"
"665",4004,62.5,1,"C","A"
"666",4004,52.4,6,"B","A"
"667",4004,37.5,3,"C","C"
"668",4004,61.3,6,"A","A"
"669",4004,71,6,"B","E"
"670",4004,49.6,5,"B","C"
"671",4004,39.2,2,"B","A"
"672",4004,68.4,4,"C","D"
"673",4004,43,4,"A","E"
"674",4004,77,4,"B","A"
"675",4004,69,5,"A","A"
"676",4004,80.8,3,"A","A"
"677",4004,37.2,1,"A","A"
"678",4004,60.6,3,"E","E"
"679",4004,49,4,"A","C"
"680",4004,46.3,4,"C","A"
"681",4004,55,1,"A","A"
"682",4004,43.1,6,"C","A"
"683",4004,59.3,7,"C","A"
"684",4004,70.7,6,"E","B"
"685",4004,42.3,5,"C","D"
"686",4004,48.6,7,"C","A"
"687",4004,57.8,7,"A","A"
"688",4004,46.1,3,"B","C"
"689",4004,43.8,5,"C","C"
"690",4004,59.3,7,"C","A"
"691",4004,54.3,5,"B","A"
"692",4004,51.1,8,"A","A"
"693",4004,50.7,6,"C","A"
"694",4004,55.9,4,"B","B"
"695",4004,45.1,3,"C","A"
"696",4004,50.3,6,"C","B"
"697",4004,49.6,4,"D","A"
"698",4004,41.7,3,"B","D"
"699",4004,37.4,3,"E","A"
"700",4004,41.8,5,"E","A"
"701",4004,74.6,6,"E","A"
"702",4004,56.3,3,"A","B"
"703",4004,42.3,5,"A","E"
"704",4004,52.1,5,"C","A"
"705",4004,37.5,7,"A","A"
"706",4004,73.3,6,"A","B"
"707",4004,51.7,8,"C","A"
"708",4004,73.5,6,"E","A"
"709",4004,53.1,5,"D","C"
"710",4004,50.4,1,"A","C"
"711",4004,42.4,2,"B","E"
"712",4004,66.8,8,"A","E"
"713",4004,49.9,2,"E","C"
"714",4004,58,1,"B","D"
"715",4004,58.8,5,"A","E"
"716",4004,79,5,"C","B"
"717",4004,43.8,4,"B","A"
"718",4004,88.6,7,"A","B"
"719",4004,59.1,2,"B","A"
"720",4004,47.4,4,"B","A"
"721",4004,63.1,6,"A","A"
"722",4004,76.8,7,"B","A"
"723",702,51,8,"A","A"
"724",702,39.8,2,"A","C"
"725",702,30.5,4,"B","A"
"726",702,45.5,4,"B","A"
"727",702,33.8,2,"B","A"
"728",702,16.6,5,"B","B"
"729",702,42.1,8,"B","B"
"730",702,69.1,5,"C","C"
"731",702,54.6,3,"B","A"
"732",702,59.3,5,"E","A"
"733",702,58.5,7,"B","E"
"734",702,66.8,4,"B","A"
"735",702,46.7,2,"B","A"
"736",702,47.1,2,"C","A"
"737",702,54.8,3,"C","A"
"738",702,30.4,1,"A","A"
"739",702,50.1,5,"A","A"
"740",702,44.3,7,"B","A"
"741",2402,64.7,2,"C","A"
"742",2402,41.3,6,"C","C"
"743",2402,21.4,4,"E","E"
"744",2402,47.8,7,"B","A"
"745",2402,62.9,5,"D","A"
"746",2402,39.1,4,"C","B"
"747",2402,48.1,6,"C","B"
"748",2402,73.4,5,"C","E"
"749",2402,59.2,4,"D","B"
"750",2402,30,5,"C","A"
"751",2402,53,4,"E","A"
"752",2402,46.9,5,"B","A"
"753",2402,35.3,8,"B","B"
"754",2402,48.9,5,"C","A"
"755",2402,69.3,3,"C","D"
"756",2402,49.3,1,"C","B"
"757",2402,44.2,2,"E","A"
"758",2402,37.9,4,"B","A"
"759",2402,65.3,5,"E","C"
"760",2402,75,3,"E","A"
"761",2402,23.6,6,"A","E"
"762",2402,52.6,6,"E","A"
"763",2402,57.2,6,"D","A"
"764",2402,64,4,"C","A"
"765",2402,51.6,6,"C","A"
"766",2402,37.3,4,"B","E"
"767",2402,65.5,4,"B","A"
"768",2402,29.9,6,"D","A"
"769",2402,67.6,2,"E","A"
"770",2402,47.1,6,"E","C"
"771",2402,54.2,6,"B","A"
"772",2402,33,6,"E","E"
"773",2402,65.2,6,"B","B"
"774",2402,27.7,5,"B","A"
"775",2402,15.3,5,"C","E"
"776",2402,41.4,3,"C","D"
"777",2402,31.6,3,"D","C"
"778",2402,55.4,3,"E","E"
"779",2402,30.3,6,"E","E"
"780",2402,49.5,3,"C","B"
"781",2402,45.6,6,"D","D"
"782",2402,39.5,2,"C","A"
"783",2402,41.9,5,"C","A"
"784",2402,49.2,4,"C","D"
"785",2402,34.9,6,"C","D"
"786",2402,47.9,5,"E","C"
"787",2402,56.4,4,"E","A"
"788",2402,40,1,"B","A"
"789",2402,45.3,1,"C","A"
"790",2402,54.7,6,"C","A"
"791",2402,51.2,4,"C","B"
"792",2402,42.2,4,"C","C"
"793",2402,57.9,2,"A","A"
"794",2402,51.4,2,"D","A"
"795",2402,62.5,2,"B","A"
"796",2402,48.6,3,"C","A"
"797",2402,62.8,4,"B","A"
"798",2402,42.6,5,"C","A"
"799",2402,59.2,5,"C","A"
"800",2402,58.7,5,"C","A"
"801",2402,66.2,5,"C","D"
"802",2402,80.8,4,"E","A"
"803",2402,47,6,"E","E"
"804",2402,40.7,5,"C","A"
"805",2402,54.4,4,"E","A"
"806",2402,48.9,4,"C","C"
"807",2402,52.5,4,"E","A"
"808",2402,34.5,4,"E","A"
"809",2402,41.5,3,"B","A"
"810",2402,45.5,5,"C","E"
"811",2402,64.8,5,"D","A"
"812",2402,29.9,6,"E","D"
"813",2402,38.7,3,"C","A"
"814",2402,59,3,"B","B"
"815",2402,50.4,6,"C","A"
"816",2001,43.7,5,"C","A"
"817",2001,55.2,5,"C","E"
"818",2001,70.7,6,"B","A"
"819",2001,49.2,4,"B","A"
"820",2001,53.5,5,"B","A"
"821",2001,47.4,4,"C","C"
"822",2001,37.4,5,"C","D"
"823",2001,63.3,5,"B","D"
"824",2001,36.8,6,"C","A"
"825",2001,50.2,6,"B","A"
"826",2001,38.5,4,"C","A"
"827",2001,56.7,6,"E","A"
"828",2001,41.6,4,"E","A"
"829",2001,45.3,6,"B","A"
"830",2001,60.1,6,"D","A"
"831",2001,41.6,6,"E","A"
"832",2001,61.9,6,"C","A"
"833",2001,60.7,6,"C","A"
"834",2001,60.7,3,"C","A"
"835",2001,62.4,5,"C","A"
"836",2001,41.2,5,"C","C"
"837",2001,74.3,2,"C","A"
"838",2001,63.8,4,"C","A"
"839",2001,54.7,6,"B","A"
"840",2001,64.6,4,"B","D"
"841",2001,78.1,6,"B","A"
"842",2001,63.5,6,"E","C"
"843",2001,61,4,"A","A"
"844",2001,21,1,"B","A"
"845",6405,37.3,6,"B","A"
"846",6405,33.9,6,"E","A"
"847",6405,40.8,3,"B","B"
"848",6405,39.5,6,"C","A"
"849",6405,55.1,1,"D","C"
"850",6405,33.1,6,"B","D"
"851",6405,58.8,3,"C","A"
"852",6405,37.3,4,"B","A"
"853",6405,33,6,"B","A"
"854",6405,52.8,1,"B","A"
"855",6405,32.8,5,"B","A"
"856",6405,56.5,6,"B","B"
"857",6405,46,2,"D","B"
"858",6405,37.5,6,"C","A"
"859",6405,45,2,"B","A"
"860",6405,50.4,3,"B","A"
"861",6405,44,1,"A","A"
"862",6405,40.1,4,"E","A"
"863",6405,50,6,"B","B"
"864",6405,47.1,4,"B","A"
"865",6405,49.6,4,"C","A"
"866",6208,54.5,6,"B","A"
"867",6208,24,8,"A","A"
"868",6208,48.1,5,"B","A"
"869",6208,30.7,2,"B","A"
"870",6208,56.8,3,"B","A"
"871",6208,44.2,5,"B","A"
"872",6208,28.5,1,"B","D"
"873",6208,39.1,4,"C","A"
"874",6208,41.8,8,"B","A"
"875",6208,33.9,1,"C","A"
"876",6208,58.3,2,"D","A"
"877",6208,45.4,8,"D","A"
"878",6208,53.1,2,"C","E"
"879",6208,42.7,4,"C","A"
"880",6208,44.9,1,"B","A"
"881",6208,69.2,2,"C","E"
"882",6208,27.8,4,"C","A"
"883",6208,36.3,5,"B","A"
"884",6208,46.2,4,"D","A"
"885",6208,55.6,1,"A","A"
"886",6208,55.8,3,"B","A"
"887",6208,19.1,2,"B","A"
"888",6208,55.9,2,"B","A"
"889",6208,46.7,4,"B","A"
"890",6208,27.3,3,"B","A"
"891",6208,51.4,3,"D","A"
"892",6208,51.1,4,"C","A"
"893",6208,41.6,3,"B","A"
"894",6208,49.1,3,"B","A"
"895",6208,48.4,7,"B","A"
"896",6208,45.7,2,"B","A"
"897",6208,52.5,7,"C","A"
"898",6208,46.4,3,"B","A"
"899",6208,25.8,1,"A","A"
"900",6208,43.1,4,"B","A"
"901",6208,55.3,5,"B","A"
"902",6208,63,2,"A","A"
"903",6208,48.5,5,"B","A"
"904",6208,25.5,5,"C","A"
"905",6208,55.6,8,"E","A"
"906",6208,52.5,3,"C","A"
"907",6208,32.8,8,"B","A"
"908",6208,56.6,1,"C","A"
"909",6208,33.5,3,"B","A"
"910",6208,48.4,4,"B","D"
"911",6208,27.8,2,"B","D"
"912",6208,51.6,5,"B","A"
"913",6208,27.4,5,"B","A"
"914",6208,22.3,2,"A","A"
"915",6208,50.6,5,"B","A"
"916",6208,52.5,6,"C","E"
"917",6208,29.1,5,"E","A"
"918",6208,40.4,4,"C","A"
"919",1602,49.8,6,"C","A"
"920",1602,36.9,1,"B","A"
"921",1602,49.4,4,"B","B"
"922",1602,38.8,5,"B","A"
"923",1602,70.4,3,"C","A"
"924",1602,40.6,1,"D","A"
"925",1602,53.9,1,"C","A"
"926",1602,39.9,5,"B","A"
"927",1602,34.4,5,"B","A"
"928",1602,60.8,5,"B","A"
"929",1602,29.1,8,"C","A"
"930",1602,34.3,1,"B","A"
"931",1602,46.8,3,"A","A"
"932",1602,36,6,"E","A"
"933",1602,32.1,2,"B","A"
"934",1602,28.7,6,"E","A"
"935",1602,39.2,5,"B","A"
"936",1602,54.9,1,"B","A"
"937",1602,35.4,5,"A","B"
"938",1602,60,3,"B","A"
"939",1602,54,4,"C","B"
"940",1602,54.4,2,"C","D"
"941",1602,20,3,"D","E"
"942",1602,45.2,4,"C","A"
"943",1602,42.8,1,"B","D"
"944",1602,47,3,"B","E"
"945",1602,38.2,5,"B","A"
"946",1602,46.5,2,"B","A"
"947",1602,65,6,"C","E"
"948",1602,38.3,4,"D","A"
"949",1602,40.6,6,"C","A"
"950",1602,32.1,3,"A","A"
"951",1602,34.3,3,"A","A"
"952",1602,53.3,4,"A","A"
"953",1602,31.7,5,"B","A"
"954",1602,49.8,6,"B","A"
"955",1602,35.6,6,"B","A"
"956",1602,69.5,6,"E","A"
"957",1602,51.1,6,"B","A"
"958",1602,46.8,4,"B","D"
"959",1602,35.5,6,"A","A"
"960",1602,42.8,4,"B","A"
"961",1602,33.4,6,"B","A"
"962",1602,35.6,7,"B","A"
"963",1602,55.7,4,"B","A"
"964",1602,54.3,6,"E","A"
"965",1602,66.3,6,"C","A"
"966",1602,37.4,6,"C","E"
"967",1602,59.1,6,"B","A"
"968",1602,37.6,3,"C","A"
"969",1602,40.5,6,"B","E"
"970",1602,55.6,5,"B","A"
"971",1602,54.8,5,"C","A"
"972",1602,50.1,6,"B","A"
"973",1602,42.9,6,"B","A"
"974",1602,44.6,6,"B","A"
"975",1602,39.7,5,"A","A"
"976",1602,38.7,5,"C","A"
"977",1602,47.4,5,"B","A"
"978",1602,32.2,7,"B","A"
"979",1602,51.3,6,"B","B"
"980",1602,66,5,"B","A"
"981",1602,46.7,6,"C","A"
"982",1602,56.8,5,"E","D"
"983",1602,53.5,5,"B","E"
"984",1602,41.9,6,"B","C"
"985",1602,52.2,6,"B","A"
"986",1602,69,5,"B","A"
"987",1602,34.1,7,"B","A"
"988",1602,48.4,6,"B","B"
"989",1602,39.7,5,"D","B"
"990",1602,35.4,4,"C","A"
"991",1602,46.1,6,"C","A"
"992",1602,38.5,6,"B","A"
"993",1602,49.4,5,"A","A"
"994",1602,30.7,6,"B","E"
"995",1602,43.4,6,"D","E"
"996",1602,39.7,5,"C","B"
"997",1602,39.6,6,"A","E"
"998",1602,59.4,4,"B","D"
"999",1602,42.3,6,"A","C"
"1000",1602,43,5,"B","A"
"1001",1602,50.8,6,"B","A"
"1002",1602,33.5,6,"E","A"
"1003",1602,33.6,6,"D","A"
"1004",1602,60.3,4,"B","A"
"1005",1602,51,6,"C","A"
"1006",1602,36.3,6,"A","A"
"1007",1602,43.9,4,"C","C"
"1008",702,23.8,5,"B","A"
"1009",702,46,2,"B","E"
"1010",702,18.4,5,"B","E"
"1011",702,39.4,5,"E","D"
"1012",702,56.9,6,"C","C"
"1013",702,29.3,5,"C","A"
"1014",702,61.3,4,"C","A"
"1015",702,32.9,4,"C","A"
"1016",702,36.4,5,"B","A"
"1017",702,53.4,5,"A","A"
"1018",702,35.3,5,"B","A"
"1019",1502,23.9,7,"E","A"
"1020",1502,32.3,6,"B","E"
"1021",1502,40.4,4,"A","A"
"1022",1502,43.8,6,"E","D"
"1023",1502,33.7,5,"B","A"
"1024",1502,34,5,"B","A"
"1025",1502,32.2,4,"B","A"
"1026",1502,37.1,4,"C","A"
"1027",1502,33.3,5,"A","A"
"1028",1502,49.4,3,"B","A"
"1029",1502,28.1,6,"C","A"
"1030",1502,39.8,6,"C","E"
"1031",1502,42.5,6,"A","A"
"1032",1502,42.8,6,"C","A"
"1033",1502,45.7,6,"D","A"
"1034",1502,43.9,6,"B","A"
"1035",1502,29.7,6,"C","A"
"1036",1502,38.8,6,"E","D"
"1037",1502,32.1,4,"C","A"
"1038",1502,32.3,6,"C","A"
"1039",1502,25.9,4,"A","A"
"1040",1502,37.3,5,"B","E"
"1041",1502,35.5,6,"D","A"
"1042",1502,29.9,4,"B","A"
"1043",1502,43.1,6,"E","C"
"1044",1402,48.2,6,"B","D"
"1045",1402,47.5,6,"E","B"
"1046",1402,36.1,5,"B","A"
"1047",1402,38.1,6,"B","A"
"1048",1402,46.4,6,"B","A"
"1049",1402,37.2,6,"B","A"
"1050",1402,29.5,6,"C","D"
"1051",1402,32.4,5,"C","B"
"1052",1402,32.8,6,"C","D"
"1053",1402,35.6,6,"D","C"
"1054",1402,40.9,5,"A","E"
"1055",1402,25.9,6,"B","A"
"1056",1402,39.7,4,"B","A"
"1057",1402,41.5,6,"B","B"
"1058",1402,43.2,5,"A","D"
"1059",6307,56.8,5,"B","A"
"1060",6307,44.6,3,"B","A"
"1061",6307,44,1,"C","A"
"1062",6307,51.4,3,"A","A"
"1063",6307,46,3,"B","A"
"1064",6307,44.9,3,"B","B"
"1065",6307,45.2,1,"D","A"
"1066",6307,39.2,3,"B","A"
"1067",6307,43.6,4,"D","A"
"1068",6307,41.7,1,"C","A"
"1069",6307,49.3,3,"B","A"
"1070",6307,55.1,4,"E","A"
"1071",6307,33.1,1,"C","A"
"1072",6307,28.3,5,"B","A"
"1073",6307,46.6,3,"B","A"
"1074",6307,42.6,5,"B","A"
"1075",6307,59.7,5,"A","A"
"1076",6307,48.4,6,"C","A"
"1077",6307,34.6,1,"D","A"
"1078",6307,30.1,3,"B","E"
"1079",6307,43.3,4,"B","A"
"1080",6307,53.6,2,"B","A"
"1081",6307,33,2,"C","A"
"1082",6307,41.2,5,"A","A"
"1083",6307,51.6,3,"E","A"
"1084",6307,54.5,5,"C","B"
"1085",6307,43.3,3,"C","A"
"1086",6307,38.8,4,"B","A"
"1087",6307,58.3,5,"B","A"
"1088",6307,48.7,1,"B","A"
"1089",6307,53.6,1,"B","A"
"1090",6307,58.5,5,"A","A"
"1091",6307,48.8,3,"B","A"
"1092",6307,59.5,3,"A","A"
"1093",6307,54,5,"C","A"
"1094",6307,30,2,"C","A"
"1095",6307,47.8,2,"B","A"
"1096",6307,37.9,1,"B","A"
"1097",6307,35.8,1,"B","A"
"1098",6307,53.2,1,"C","A"
"1099",6307,55.3,3,"A","A"
"1100",6307,55.3,3,"B","A"
"1101",6307,56.6,4,"D","A"
"1102",6307,29.3,8,"B","E"
"1103",6307,56.8,6,"B","A"
"1104",6307,36,3,"B","A"
"1105",6307,28.9,1,"C","A"
"1106",6307,33.1,NA,NA,NA
"1107",6307,42.9,2,"A","A"
"1108",6002,37.4,1,"B","A"
"1109",6002,33.2,1,"C","A"
"1110",6002,48.4,8,"A","A"
"1111",6002,26.2,8,"C","A"
"1112",6002,44.8,1,"C","A"
"1113",6002,26,2,"B","D"
"1114",6002,48.2,5,"D","B"
"1115",6002,32.9,1,"C","A"
"1116",6002,22.4,2,"C","A"
"1117",6002,38.8,1,"D","A"
"1118",6002,36.3,5,"B","A"
"1119",6002,24.7,1,"B","B"
"1120",6002,43.2,5,"B","A"
"1121",6002,43.6,2,"C","A"
"1122",6002,36.1,8,"E","A"
"1123",6002,26.2,4,"E","A"
"1124",6002,33.1,7,"D","A"
"1125",6002,46.8,4,"A","A"
"1126",6002,24.3,6,"B","A"
"1127",6002,30.8,3,"B","A"
"1128",6002,28.6,4,"C","A"
"1129",6002,23.6,3,"B","B"
"1130",6002,53.8,2,"A","A"
"1131",6002,13.4,7,"A","E"
"1132",6002,24,4,"B","A"
"1133",6002,23.4,4,"C","B"
"1134",6002,29.1,4,"C","A"
"1135",6002,44,1,"B","A"
"1136",6002,26.4,4,"D","A"
"1137",6002,42.9,7,"C","A"
"1138",6002,47.2,1,"C","A"
"1139",6002,27,8,"A","A"
"1140",6002,37.2,4,"B","A"
"1141",6002,44.3,2,"E","E"
"1142",6002,32.4,3,"B","A"
"1143",6002,26.9,3,"C","A"
"1144",6002,45.3,1,"B","A"
"1145",6002,55.7,1,"A","A"
"1146",6002,43.7,1,"D","A"
"1147",6002,42.6,4,"B","A"
"1148",6002,27.9,5,"A","B"
"1149",6002,30.7,7,"B","A"
"1150",6002,28,2,"A","A"
"1151",6002,54,8,"B","A"
"1152",6002,26.1,2,"B","A"
"1153",6002,66.4,6,"B","E"
"1154",6002,27.3,5,"B","A"
"1155",6002,27,1,"B","A"
"1156",6002,52.2,7,"B","A"
"1157",6002,54.2,2,"B","A"
"1158",6002,16.4,3,"A","A"
"1159",6002,50.7,6,"C","A"
"1160",6002,35.9,4,"B","A"
"1161",6002,53.1,4,"A","A"
"1162",6002,37.4,2,"C","A"
"1163",6002,41.2,7,"B","A"
"1164",6002,34.2,3,"D","B"
"1165",6002,37.1,5,"B","A"
"1166",6002,43.4,6,"A","A"
"1167",6002,34.1,6,"B","A"
"1168",6002,42.7,3,"C","A"
"1169",6002,56.3,4,"C","A"
"1170",6306,52.4,3,"C","A"
"1171",6306,36.1,3,"A","A"
"1172",6306,48.1,1,"B","A"
"1173",6306,27.7,4,"A","A"
"1174",6306,49.4,7,"C","A"
"1175",6306,49.6,1,"E","A"
"1176",6306,41.9,1,"B","A"
"1177",6306,63.1,2,"B","A"
"1178",6306,41.5,3,"B","A"
"1179",6306,22.7,4,"B","A"
"1180",6306,45.9,8,"B","A"
"1181",6306,53.1,3,"C","A"
"1182",6306,53.2,3,"B","A"
"1183",6306,45.1,4,"A","A"
"1184",6306,41.8,3,"B","A"
"1185",6306,28.5,1,"B","A"
"1186",6306,38.1,4,"C","A"
"1187",6306,58.3,4,"C","A"
"1188",6306,33.3,1,"C","A"
"1189",6306,48.1,1,"E","A"
"1190",6306,47.4,4,"B","A"
"1191",6306,37.8,3,"B","A"
"1192",6306,44.1,3,"B","A"
"1193",6306,57.1,2,"B","A"
"1194",6306,68.5,1,"A","A"
"1195",6306,55.3,8,"C","A"
"1196",6306,47.9,1,"C","A"
"1197",6306,42.6,1,"B","A"
"1198",6306,43.9,6,"C","A"
"1199",6306,39.2,1,"E","A"
"1200",6306,46.3,3,"D","A"
"1201",6306,41.7,4,"B","A"
"1202",4301,45,3,"B","B"
"1203",4301,35,7,"A","C"
"1204",4301,54.9,3,"C","E"
"1205",4301,44.9,1,"A","D"
"1206",4301,49.4,6,"C","E"
"1207",4301,39.8,5,"C","D"
"1208",4301,34.1,6,"C","E"
"1209",4301,47.4,3,"B","E"
"1210",4301,46.2,2,"D","D"
"1211",4301,52.1,4,"C","B"
"1212",4301,47.4,4,"D","D"
"1213",4301,49.3,4,"B","B"
"1214",4301,30.4,4,"D","D"
"1215",4301,44.3,5,"D","C"
"1216",4301,39.5,7,"B","B"
"1217",4301,35,8,"A","A"
"1218",4301,59,6,"A","B"
"1219",4301,31.5,6,"B","A"
"1220",4301,54.7,5,"C","A"
"1221",3002,43,7,"C","D"
"1222",3002,57.8,5,"B","C"
"1223",3002,60.8,3,"B","A"
"1224",3002,44.2,5,"E","A"
"1225",3002,65.3,2,"C","A"
"1226",3002,43.1,5,"D","E"
"1227",3002,49.2,6,"B","A"
"1228",3002,39.1,5,"C","A"
"1229",3002,50.6,6,"C","D"
"1230",3002,64.4,5,"D","D"
"1231",3002,43.4,4,"B","A"
"1232",3002,49.2,3,"B","A"
"1233",3002,34.9,4,"C","A"
"1234",3002,46.5,3,"B","A"
"1235",3002,63.1,3,"B","B"
"1236",3002,48.1,3,"B","A"
"1237",3002,60.4,5,"B","B"
"1238",3002,22.8,3,"C","B"
"1239",3002,34.4,6,"B","B"
"1240",3002,49.6,5,"B","A"
"1241",3002,43.6,1,"A","E"
"1242",3002,36.7,4,"C","A"
"1243",3002,44.3,6,"B","E"
"1244",3002,61.5,5,"C","A"
"1245",3002,43.3,5,"C","A"
"1246",3002,46.8,3,"C","E"
"1247",3002,40.7,5,"B","E"
"1248",3002,59.2,3,"B","D"
"1249",3002,27.1,4,"B","E"
"1250",3002,74.6,6,"C","E"
"1251",3002,57.2,7,"B","A"
"1252",3002,35.8,3,"B","A"
"1253",3002,52.4,5,"B","A"
"1254",3002,45.5,5,"B","E"
"1255",3002,73.3,2,"D","E"
"1256",3002,73.9,6,"E","A"
"1257",3002,42.3,4,"C","A"
"1258",3002,45.1,1,"B","A"
"1259",3002,59.5,5,"E","D"
"1260",3002,48.9,5,"C","E"
"1261",3002,46.1,2,"C","A"
"1262",3002,43.2,6,"B","A"
"1263",3002,42.8,4,"D","A"
"1264",3002,37.3,6,"C","C"
"1265",3002,62.6,6,"E","A"
"1266",3002,42,2,"E","A"
"1267",3002,27.1,3,"A","A"
"1268",3002,45.6,5,"C","A"
"1269",3002,29.7,3,"B","A"
"1270",3002,53,4,"B","A"
"1271",3002,63.8,4,"A","A"
"1272",3002,56.3,3,"C","B"
"1273",3002,49.1,8,"B","A"
"1274",3002,47.5,5,"B","A"
"1275",3002,65.8,1,"A","A"
"1276",3002,35.6,6,"A","A"
"1277",3002,39.9,4,"B","C"
"1278",3002,56.3,NA,NA,NA
"1279",3002,46.7,3,"C","E"
"1280",3002,57.6,6,"E","A"
"1281",3002,18.8,5,"C","A"
"1282",3002,44.2,1,"C","A"
"1283",3002,70.9,3,"E","C"
"1284",3201,52.6,2,"D","E"
"1285",3201,38.7,1,"C","E"
"1286",3202,70.3,NA,NA,NA
"1287",3202,61.9,4,"E","A"
"1288",3202,62.5,4,"C","A"
"1289",3202,50.8,4,"C","A"
"1290",3202,31.8,1,"C","A"
"1291",5401,43.9,2,"B","D"
"1292",5401,28.3,2,"B","B"
"1293",5401,68.6,1,"D","A"
"1294",5401,49.3,8,"D","A"
"1295",5401,47.2,6,"D","A"
"1296",5401,62.5,3,"A","A"
"1297",5401,41.4,5,"D","A"
"1298",701,54.3,6,"B","C"
"1299",701,65.2,1,"E","B"
"1300",701,72.4,6,"D","A"
"1301",701,79,8,"B","C"
"1302",1401,45.3,7,"B","A"
"1303",1401,40.3,7,"A","A"
"1304",1401,60.3,8,"B","A"
"1305",1401,48.2,5,"A","B"
"1306",1401,36.6,2,"C","A"
"1307",6306,30.7,2,"B","A"
"1308",6306,40.6,4,"B","A"
"1309",6306,34.4,5,"B","A"
"1310",6306,35.7,2,"C","A"
"1311",6306,36.9,3,"C","A"
"1312",6306,49,4,"A","A"
"1313",6306,28.4,4,"C","A"
"1314",6306,51,5,"B","B"
"1315",6306,47.5,6,"B","A"
"1316",6306,46.7,4,"B","A"
"1317",6306,42.3,5,"A","D"
"1318",6306,44.5,6,"B","A"
"1319",6306,35,6,"C","A"
"1320",6306,29.7,3,"C","A"
"1321",6306,28.8,4,"B","A"
"1322",6306,44.2,6,"A","A"
"1323",6306,46.3,3,"A","A"
"1324",6306,49,4,"C","A"
"1325",6306,30.8,4,"E","A"
"1326",6306,39.2,8,"B","A"
"1327",6306,42.8,4,"B","A"
"1328",6306,30.9,4,"B","A"
"1329",6306,26.8,4,"C","A"
"1330",6306,40.4,5,"C","A"
"1331",6306,20.5,5,"B","A"
"1332",6306,42.1,4,"B","A"
"1333",6306,46.4,4,"D","A"
"1334",6306,34,5,"A","B"
"1335",6306,16.8,1,"A","A"
"1336",6306,42.2,5,"C","A"
"1337",6306,33.9,2,"B","B"
"1338",6306,31,5,"D","A"
"1339",6306,39.5,4,"D","A"
"1340",6306,37.9,5,"B","B"
"1341",6306,9.1,5,"B","A"
"1342",6306,48.8,6,"C","B"
"1343",6306,28.5,4,"B","A"
"1344",6306,23.5,4,"B","E"
"1345",6306,21.6,3,"B","A"
"1346",6306,27.7,5,"B","A"
"1347",6306,40.8,6,"D","A"
"1348",6306,31.3,5,"D","A"
"1349",6306,42.1,5,"B","A"
"1350",6306,18.8,6,"B","A"
"1351",6306,30.2,5,"C","A"
"1352",6208,40.9,2,"C","A"
"1353",6208,34.3,5,"C","C"
"1354",6208,37.5,1,"C","E"
"1355",6208,29.6,3,"A","E"
"1356",6208,39.4,2,"B","B"
"1357",6208,37.6,NA,NA,NA
"1358",6208,51.4,3,"B","A"
"1359",6208,38.3,1,"B","A"
"1360",6208,47.8,4,"D","A"
"1361",6208,57.6,3,"A","A"
"1362",6208,46.8,5,"C","E"
"1363",6208,33.6,3,"B","A"
"1364",6208,21.3,1,"B","A"
"1365",6208,32.5,6,"B","A"
"1366",6208,30.6,4,"C","B"
"1367",6208,31.4,5,"B","A"
"1368",6208,49.2,3,"B","A"
"1369",6208,44.1,5,"E","A"
"1370",6208,55.6,NA,NA,NA
"1371",6208,48.5,3,"E","A"
"1372",6208,49.8,5,"B","B"
"1373",6208,54.3,NA,NA,NA
"1374",6208,42,2,"C","A"
"1375",6208,54,8,"B","E"
"1376",6208,46.2,3,"C","A"
"1377",6208,28.1,4,"B","A"
"1378",6208,42.4,1,"B","A"
"1379",6208,40.1,NA,NA,NA
"1380",6208,58.4,5,"A","A"
"1381",6208,33.2,NA,NA,NA
"1382",6208,30.7,5,"C","A"
"1383",6208,34.6,1,"B","A"
"1384",6208,29.6,NA,NA,NA
"1385",5402,37.2,6,"E","A"
"1386",5402,29.4,5,"C","A"
"1387",5402,60.6,5,"B","E"
"1388",5402,40,6,"D","A"
"1389",5402,50.2,1,"C","A"
"1390",5402,43.3,7,"B","A"
"1391",5402,38.1,5,"B","A"
"1392",5402,66.3,1,"C","E"
"1393",5402,46.4,5,"B","A"
"1394",5402,41.9,4,"C","A"
"1395",5402,32.7,6,"C","A"
"1396",5402,34.9,7,"B","E"
"1397",5402,40.7,5,"E","A"
"1398",5402,39.8,NA,NA,NA
"1399",5402,63.8,6,"C","C"
"1400",5402,40.7,2,"E","A"
"1401",5402,56.6,6,"E","A"
"1402",5402,53.6,6,"C","A"
"1403",5402,35.7,6,"B","A"
"1404",5402,47.4,1,"D","E"
"1405",5402,50.8,6,"C","A"
"1406",5402,41.5,5,"C","A"
"1407",5402,56.4,2,"A","A"
"1408",5402,45.2,6,"E","C"
"1409",5402,35.9,6,"B","E"
"1410",5402,37.6,6,"E","C"
"1411",5402,13.2,NA,NA,NA
"1412",5402,54.2,4,"B","A"
"1413",5402,53.6,5,"B","A"
"1414",5402,40.6,5,"E","A"
"1415",5402,35.9,7,"C","E"
"1416",5402,43.9,6,"E","B"
"1417",5402,45.3,5,"B","C"
"1418",5402,39.5,6,"E","A"
"1419",5402,26.4,4,"E","A"
"1420",5402,53.3,4,"E","A"
"1421",5402,40.6,5,"E","A"
"1422",5402,51.6,4,"D","A"
"1423",5402,10.9,8,"C","C"
"1424",5402,27.2,4,"B","E"
"1425",5402,35.9,6,"D","A"
"1426",5402,43.4,5,"C","A"
"1427",5402,47.9,6,"B","E"
"1428",5402,42.6,6,"B","A"
"1429",5402,23.8,2,"D","A"
"1430",5402,51.7,5,"E","E"
"1431",5402,35,5,"B","A"
"1432",5402,44,3,"C","A"
"1433",5402,43.1,1,"B","C"
"1434",21,65.4,6,"C","E"
"1435",21,73.6,6,"C","D"
"1436",21,73.9,6,"C","A"
"1437",21,47.6,3,"B","C"
"1438",21,29.9,5,"C","A"
"1439",21,65.8,6,"B","A"
"1440",21,40.6,4,"C","A"
"1441",21,75.8,6,"C","A"
"1442",21,68.8,6,"C","A"
"1443",21,64.7,4,"C","A"
"1444",21,50.6,5,"B","A"
"1445",21,68.2,4,"C","D"
"1446",21,75.1,2,"E","A"
"1447",21,71.1,3,"B","C"
"1448",21,53.7,5,"B","B"
"1449",21,62.3,6,"B","B"
"1450",21,70,6,"C","A"
"1451",21,73,2,"C","A"
"1452",21,53.3,5,"B","A"
"1453",21,39.8,4,"A","E"
"1454",21,80.2,6,"B","A"
"1455",21,68.5,6,"B","A"
"1456",21,55.7,2,"B","C"
"1457",21,70.1,4,"D","E"
"1458",21,76.4,4,"B","A"
"1459",21,76.9,6,"B","A"
"1460",21,64.7,5,"B","A"
"1461",21,76.4,5,"E","A"
"1462",21,60.5,4,"B","A"
"1463",21,77.8,6,"B","A"
"1464",21,64.5,6,"E","A"
"1465",21,60.5,3,"D","A"
"1466",21,65.2,4,"C","A"
"1467",21,64,4,"A","A"
"1468",21,50,6,"C","A"
"1469",21,84.8,3,"C","A"
"1470",21,70.1,4,"C","A"
"1471",21,77,3,"E","A"
"1472",21,66.1,6,"E","A"
"1473",21,62.6,2,"B","A"
"1474",21,56.5,6,"B","A"
"1475",21,61.2,2,"A","A"
"1476",21,64.9,6,"B","A"
"1477",21,66.8,1,"C","A"
"1478",21,73.7,4,"B","B"
"1479",21,53.1,4,"B","D"
"1480",21,74.6,6,"B","A"
"1481",21,53.9,6,"C","A"
"1482",21,38.2,5,"B","B"
"1483",702,34,7,"C","B"
"1484",702,32.6,6,"C","D"
"1485",702,40.6,4,"A","E"
"1486",702,43.6,2,"B","B"
"1487",702,39.9,4,"C","B"
"1488",702,69.7,5,"B","E"
"1489",702,44.4,2,"B","A"
"1490",702,53.8,5,"B","A"
"1491",702,33.5,5,"B","C"
"1492",702,29,6,"B","A"
"1493",702,27.8,3,"A","D"
"1494",702,51.7,6,"A","A"
"1495",702,40.7,4,"B","D"
"1496",702,49.1,4,"B","E"
"1497",702,48.7,5,"B","A"
"1498",702,33.8,3,"C","A"
"1499",702,39.7,5,"C","B"
"1500",702,29.8,6,"A","B"
"1501",1502,16.3,2,"B","E"
"1502",1502,46.8,6,"C","E"
"1503",1502,49.8,1,"B","E"
"1504",1502,46.9,5,"B","D"
"1505",1502,40.3,5,"C","E"
"1506",1502,34.2,4,"D","B"
"1507",1502,25.3,5,"A","A"
"1508",1502,36.7,3,"C","E"
"1509",1502,34.4,6,"B","E"
"1510",1502,38,6,"A","E"
"1511",1502,47.7,4,"B","E"
"1512",1502,33.3,5,"D","B"
"1513",1502,41.6,4,"D","C"
"1514",1502,49.4,6,"C","A"
"1515",1502,29.8,5,"B","E"
"1516",1502,45.8,6,"B","A"
"1517",1502,28.4,6,"B","D"
"1518",1502,43,6,"B","D"
"1519",1502,63.1,6,"B","C"
"1520",1502,37.2,4,"A","E"
"1521",1502,32.8,6,"C","E"
"1522",1502,48,5,"B","E"
"1523",1502,23.9,6,"B","A"
"1524",1502,27.3,6,"A","B"
"1525",1502,31.5,3,"A","E"
"1526",1502,28.5,6,"C","C"
"1527",1502,31.1,3,"D","C"
"1528",1502,35.9,6,"B","E"
"1529",1502,21.9,5,"C","A"
"1530",1502,31.2,2,"C","A"
"1531",1502,37.2,6,"C","A"
"1532",1502,58.5,6,"B","A"
"1533",1502,20.2,6,"A","A"
"1534",1602,49.4,5,"C","D"
"1535",1602,45.5,NA,NA,NA
"1536",1602,36.6,6,"B","A"
"1537",1602,48.4,5,"B","A"
"1538",1602,55,5,"B","A"
"1539",1602,59.4,6,"B","D"
"1540",1602,32.1,4,"B","A"
"1541",1602,64.6,4,"B","A"
"1542",1602,45.7,5,"E","A"
"1543",1602,45.2,6,"C","A"
"1544",1602,55,6,"C","A"
"1545",1602,35,1,"A","E"
"1546",1602,63.2,4,"E","A"
"1547",1602,47.2,4,"B","A"
"1548",1602,49.9,6,"E","A"
"1549",1602,52.5,6,"C","A"
"1550",1602,44.9,3,"A","A"
"1551",1602,64,6,"A","B"
"1552",1602,36.5,4,"E","A"
"1553",1602,73.9,5,"C","A"
"1554",1602,52.7,5,"B","A"
"1555",1602,63.5,4,"C","A"
"1556",1602,53,5,"C","A"
"1557",1602,51.7,6,"A","B"
"1558",1602,36.2,4,"B","C"
"1559",1602,42.2,1,"A","A"
"1560",1602,75.4,5,"B","A"
"1561",1602,45.4,5,"C","A"
"1562",1602,43.8,4,"C","A"
"1563",1602,52.7,6,"C","A"
"1564",1602,51.2,4,"B","A"
"1565",1602,53.6,4,"A","A"
"1566",1602,65.2,6,"C","A"
"1567",904,32.5,6,"C","A"
"1568",904,43.4,6,"E","E"
"1569",904,32.6,6,"C","E"
"1570",904,62.1,6,"B","E"
"1571",904,66.2,1,"E","B"
"1572",904,44.5,6,"B","E"
"1573",904,63.9,6,"E","C"
"1574",904,68.2,6,"D","A"
"1575",904,41.6,5,"C","A"
"1576",904,41.4,6,"E","A"
"1577",904,31.7,3,"C","A"
"1578",904,64.5,6,"E","A"
"1579",904,66.3,6,"C","A"
"1580",904,69.3,6,"B","A"
"1581",904,38.6,1,"C","A"
"1582",904,54.3,1,"C","A"
"1583",904,50.1,6,"C","D"
"1584",904,56.5,4,"A","A"
"1585",904,41.2,4,"C","E"
"1586",904,52,8,"C","B"
"1587",904,62.7,6,"C","B"
"1588",904,35.9,3,"C","A"
"1589",904,51.7,6,"B","D"
"1590",904,50.5,6,"C","A"
"1591",904,66.1,5,"C","A"
"1592",904,55.2,6,"E","B"
"1593",904,43.5,5,"C","A"
"1594",904,54.9,3,"C","B"
"1595",904,49.3,2,"B","A"
"1596",904,52.1,6,"E","B"
"1597",904,40,3,"B","A"
"1598",6407,54.1,6,"E","A"
"1599",6407,53.8,1,"B","A"
"1600",6407,55.7,1,"E","C"
"1601",6407,74,6,"A","C"
"1602",6407,48.1,6,"C","A"
"1603",6407,42,3,"A","A"
"1604",6407,48.8,3,"C","A"
"1605",6407,53.1,6,"C","A"
"1606",6407,57.7,6,"C","A"
"1607",6407,47.3,5,"C","A"
"1608",6407,61,6,"C","C"
"1609",6407,63.8,5,"B","A"
"1610",6407,53.9,2,"B","A"
"1611",904,59.9,4,"C","A"
"1612",904,58.3,6,"C","A"
"1613",904,49,5,"C","A"
"1614",904,38.8,5,"C","A"
"1615",904,43,5,"C","C"
"1616",904,46.5,6,"C","C"
"1617",904,52.4,7,"B","B"
"1618",904,57.5,4,"E","A"
"1619",904,21.4,4,"C","A"
"1620",904,45.4,6,"E","A"
"1621",904,41.5,4,"B","E"
"1622",904,54.3,5,"E","A"
"1623",904,59.5,6,"E","C"
"1624",904,54.4,7,"B","E"
"1625",904,47.4,5,"E","A"
"1626",904,32.6,5,"C","E"
"1627",904,55.5,6,"C","E"
"1628",904,26.6,4,"A","E"
"1629",904,37.6,5,"B","E"
"1630",904,59.8,4,"C","A"
"1631",904,27.1,5,"D","A"
"1632",904,42.6,4,"B","A"
"1633",904,59.1,5,"C","E"
"1634",904,38.5,5,"D","E"
"1635",904,47.4,2,"B","B"
"1636",904,41.3,6,"C","E"
"1637",904,51.2,6,"D","E"
"1638",904,55.4,6,"E","D"
"1639",904,42.4,6,"C","A"
"1640",904,47.6,6,"E","A"
"1641",904,39.7,6,"D","B"
"1642",904,64.2,6,"E","A"
"1643",904,60.2,6,"C","B"
"1644",904,38.6,4,"B","A"
"1645",904,69.2,2,"B","A"
"1646",904,54.3,4,"E","A"
"1647",904,60.8,5,"C","A"
"1648",904,34.8,6,"B","B"
"1649",904,46.9,4,"D","D"
"1650",904,47.6,3,"D","A"
"1651",904,39.7,5,"B","B"
"1652",904,48.2,5,"D","B"
"1653",904,33.9,6,"E","D"
"1654",904,47,6,"A","E"
"1655",6407,51.2,6,"D","A"
"1656",6407,55.3,4,"C","A"
"1657",6407,79.5,4,"C","C"
"1658",6407,62.5,4,"C","A"
"1659",6407,50.4,7,"D","A"
"1660",6407,32.8,5,"B","B"
"1661",6407,27.1,5,"C","A"
"1662",6407,62.3,4,"C","A"
"1663",6407,38.1,6,"B","E"
"1664",6407,38.3,2,"E","E"
"1665",6407,48.6,3,"B","B"
"1666",6407,51.8,3,"C","A"
"1667",6407,51.1,6,"D","B"
"1668",6407,50.1,6,"B","B"
"1669",1402,41.9,2,"A","A"
"1670",1402,46.7,1,"B","A"
"1671",1402,34.9,6,"B","A"
"1672",1402,NA,8,"E","D"
